[
	{
		"Id": 1,
		"Camping_AreaId": 1,
		"Path": "campingarea1.jpg",
		"UpdateTime": "2022-04-13 08:14:33.8620673"
	},
	{
		"Id": 2,
		"Camping_AreaId": 1,
		"Path": "campingarea2.jpg",
		"UpdateTime": "2022-04-14 08:14:33.8620673"
	},
	{
		"Id": 3,
		"Camping_AreaId": 1,
		"Path": "campingarea3.jpg",
		"UpdateTime": "2022-04-15 08:14:33.8620673"
	},
	{
		"Id": 4,
		"Camping_AreaId": 1,
		"Path": "campingarea4.jpg",
		"UpdateTime": "2022-04-18 08:14:33.8620673"
	},
	{
		"Id": 5,
		"Camping_AreaId": 1,
		"Path": "campingarea39.jpg",
		"UpdateTime": "2022-04-18 08:14:33.8620673"
	},
	{
		"Id": 6,
		"Camping_AreaId": 2,
		"Path": "campingarea5.jpg",
		"UpdateTime": "2022-04-19 08:14:33.8620673"
	},
	{
		"Id": 7,
		"Camping_AreaId": 2,
		"Path": "campingarea6.jpg",
		"UpdateTime": "2022-04-19 08:14:33.8620673"
	},
	{
		"Id": 8,
		"Camping_AreaId": 2,
		"Path": "campingarea7.jpg",
		"UpdateTime": "2022-04-20 08:14:33.8620673"
	},
	{
		"Id": 9,
		"Camping_AreaId": 3,
		"Path": "campingarea15.jpg",
		"UpdateTime": "2022-04-15 08:14:33.8620673"
	},
	{
		"Id": 10,
		"Camping_AreaId": 3,
		"Path": "campingarea16.jpg",
		"UpdateTime": "2022-04-15 08:14:33.8620673"
	},
	{
		"Id": 11,
		"Camping_AreaId": 3,
		"Path": "campingarea18.jpg",
		"UpdateTime": "2022-04-18 08:14:33.8620673"
	},
	{
		"Id": 12,
		"Camping_AreaId": 4,
		"Path": "campingarea48.jpg",
		"UpdateTime": "2022-04-20 08:14:33.8620673"
	},
	{
		"Id": 13,
		"Camping_AreaId": 4,
		"Path": "campingarea49.jpg",
		"UpdateTime": "2022-04-21 08:14:33.8620673"
	},
	{
		"Id": 14,
		"Camping_AreaId": 4,
		"Path": "campingarea50.jpg",
		"UpdateTime": "2022-04-22 08:14:33.8620673"
	},
	{
		"Id": 15,
		"Camping_AreaId": 5,
		"Path": "campingarea31.jpg",
		"UpdateTime": "2022-04-18 08:14:33.8620673"
	},
	{
		"Id": 16,
		"Camping_AreaId": 5,
		"Path": "campingarea32.jpg",
		"UpdateTime": "2022-04-19 08:14:33.8620673"
	},
	{
		"Id": 17,
		"Camping_AreaId": 5,
		"Path": "campingarea35.jpg",
		"UpdateTime": "2022-04-19 08:14:33.8620673"
	},
	{
		"Id": 18,
		"Camping_AreaId": 6,
		"Path": "campingarea43.jpg",
		"UpdateTime": "2022-04-20 08:14:33.8620673"
	},
	{
		"Id": 19,
		"Camping_AreaId": 6,
		"Path": "campingarea44.jpg",
		"UpdateTime": "2022-04-21 08:14:33.8620673"
	},
	{
		"Id": 20,
		"Camping_AreaId": 6,
		"Path": "campingarea6.jpg",
		"UpdateTime": "2022-04-22 08:14:33.8620673"
	},
	{
		"Id": 21,
		"Camping_AreaId": 6,
		"Path": "campingarea15.jpg",
		"UpdateTime": "2022-04-22 08:14:33.8620673"
	},
	{
		"Id": 22,
		"Camping_AreaId": 6,
		"Path": "campingarea23.jpg",
		"UpdateTime": "2022-04-23 08:14:33.8620673"
	},
	{
		"Id": 23,
		"Camping_AreaId": 7,
		"Path": "campingarea42.jpg",
		"UpdateTime": "2022-04-18 08:14:33.8620673"
	},
	{
		"Id": 24,
		"Camping_AreaId": 7,
		"Path": "campingarea46.jpg",
		"UpdateTime": "2022-04-19 08:14:33.8620673"
	},
	{
		"Id": 25,
		"Camping_AreaId": 7,
		"Path": "campingarea47.jpg",
		"UpdateTime": "2022-04-19 08:14:33.8620673"
	},
	{
		"Id": 26,
		"Camping_AreaId": 8,
		"Path": "campingarea32.jpg",
		"UpdateTime": "2022-04-20 08:14:33.8620673"
	},
	{
		"Id": 27,
		"Camping_AreaId": 8,
		"Path": "campingarea33.jpg",
		"UpdateTime": "2022-04-21 08:14:33.8620673"
	},
	{
		"Id": 28,
		"Camping_AreaId": 8,
		"Path": "campingarea34.jpg",
		"UpdateTime": "2022-04-22 08:14:33.8620673"
	},
	{
		"Id": 29,
		"Camping_AreaId": 9,
		"Path": "campingarea12.jpg",
		"UpdateTime": "2022-04-23 08:14:33.8620673"
	},
	{
		"Id": 30,
		"Camping_AreaId": 9,
		"Path": "campingarea13.jpg",
		"UpdateTime": "2022-04-23 08:14:33.8620673"
	},
	{
		"Id": 31,
		"Camping_AreaId": 9,
		"Path": "campingarea21.jpg",
		"UpdateTime": "2022-04-24 08:14:33.8620673"
	},
	{
		"Id": 32,
		"Camping_AreaId": 10,
		"Path": "campingarea32.jpg",
		"UpdateTime": "2022-04-25 08:14:33.8620673"
	},
	{
		"Id": 33,
		"Camping_AreaId": 10,
		"Path": "campingarea38.jpg",
		"UpdateTime": "2022-04-25 08:14:33.8620673"
	},
	{
		"Id": 34,
		"Camping_AreaId": 10,
		"Path": "campingarea39.jpg",
		"UpdateTime": "2022-04-26 08:14:33.8620673"
	},
	{
		"Id": 35,
		"Camping_AreaId": 11,
		"Path": "campingarea11.jpg",
		"UpdateTime": "2022-04-16 08:14:33.8620673"
	},
	{
		"Id": 36,
		"Camping_AreaId": 11,
		"Path": "campingarea13.jpg",
		"UpdateTime": "2022-04-17 08:14:33.8620673"
	},
	{
		"Id": 37,
		"Camping_AreaId": 11,
		"Path": "campingarea28.jpg",
		"UpdateTime": "2022-04-18 08:14:33.8620673"
	},
	{
		"Id": 41,
		"Camping_AreaId": 12,
		"Path": "campingarea28.jpg",
		"UpdateTime": "2022-04-20 08:14:33.8620673"
	},
	{
		"Id": 42,
		"Camping_AreaId": 12,
		"Path": "campingarea27.jpg",
		"UpdateTime": "2022-04-20 08:14:33.8620673"
	},
	{
		"Id": 43,
		"Camping_AreaId": 12,
		"Path": "campingarea29.jpg",
		"UpdateTime": "2022-04-20 08:14:33.8620673"
	}



]
