[
	{
		"Id": 1,
    	"RoomId": 1,
    	"Path": "room26.jpg",
    	"UpdateTime": "2022-04-13 08:14:33.8620673"
	},
	{
		"Id": 2,
    	"RoomId": 1,
    	"Path": "room27.jpg",
    	"UpdateTime": "2022-04-14 08:14:33.8620673"
	},
	{
		"Id": 3,
    	"RoomId": 1,
    	"Path": "room28.jpg",
    	"UpdateTime": "2022-04-15 08:14:33.8620673"
	},
	{
		"Id": 4,
    	"RoomId": 2,
    	"Path": "room37.jpg",
    	"UpdateTime": "2022-04-18 08:14:33.8620673"
	},
	{
		"Id": 5,
    	"RoomId": 2,
    	"Path": "room38.jpg",
    	"UpdateTime": "2022-04-18 08:14:33.8620673"
	},
	{
		"Id": 6,
    	"RoomId": 2,
    	"Path": "room39.jpg",
    	"UpdateTime": "2022-04-19 08:14:33.8620673"
	},
	{
		"Id": 7,
    	"RoomId": 3,
    	"Path": "room72.jpg",
    	"UpdateTime": "2022-04-19 08:14:33.8620673"
	},
	{
		"Id": 8,
    	"RoomId": 3,
    	"Path": "room73.jpg",
    	"UpdateTime": "2022-04-20 08:14:33.8620673"
	},
	{
		"Id": 9,
    	"RoomId": 3,
    	"Path": "room74.jpg",
    	"UpdateTime": "2022-04-15 08:14:33.8620673"
	},
	{
		"Id": 10,
    	"RoomId": 4,
    	"Path": "room1.jpg",
    	"UpdateTime": "2022-04-15 08:14:33.8620673"
	},
	{
		"Id": 11,
    	"RoomId": 4,
    	"Path": "room2.jpg",
    	"UpdateTime": "2022-04-18 08:14:33.8620673"
	},
	{
		"Id": 12,
    	"RoomId": 4,
    	"Path": "room3.jpg",
    	"UpdateTime": "2022-04-20 08:14:33.8620673"
	},
	{
		"Id": 13,
    	"RoomId": 5,
    	"Path": "room20.jpg",
    	"UpdateTime": "2022-04-21 08:14:33.8620673"
	},
	{
		"Id": 14,
    	"RoomId": 5,
    	"Path": "room21.jpg",
    	"UpdateTime": "2022-04-22 08:14:33.8620673"
	},
	{
		"Id": 15,
    	"RoomId": 5,
    	"Path": "room23.jpg",
    	"UpdateTime": "2022-04-18 08:14:33.8620673"
	},
	{
		"Id": 16,
    	"RoomId": 6,
    	"Path": "room94.jpg",
    	"UpdateTime": "2022-04-19 08:14:33.8620673"
	},
	{
		"Id": 17,
    	"RoomId": 6,
    	"Path": "room95.jpg",
    	"UpdateTime": "2022-04-19 08:14:33.8620673"
	},
	{
		"Id": 18,
    	"RoomId": 6,
    	"Path": "room96.jpg",
    	"UpdateTime": "2022-04-20 08:14:33.8620673"
	},
	{
		"Id": 19,
    	"RoomId": 7,
    	"Path": "room63.jpg",
    	"UpdateTime": "2022-04-21 08:14:33.8620673"
	},
	{
		"Id": 20,
    	"RoomId": 7,
    	"Path": "room65.jpg",
    	"UpdateTime": "2022-04-22 08:14:33.8620673"
	},
	{
		"Id": 21,
    	"RoomId": 7,
    	"Path": "room66.jpg",
    	"UpdateTime": "2022-04-22 08:14:33.8620673"
	},
	{
		"Id": 22,
    	"RoomId": 8,
    	"Path": "room89.jpg",
    	"UpdateTime": "2022-04-23 08:14:33.8620673"
	},
	{
		"Id": 23,
    	"RoomId": 8,
    	"Path": "room90.jpg",
    	"UpdateTime": "2022-04-18 08:14:33.8620673"
	},
	{
		"Id": 24,
    	"RoomId": 8,
    	"Path": "room91.jpg",
    	"UpdateTime": "2022-04-19 08:14:33.8620673"
	},
	{
		"Id": 25,
    	"RoomId": 9,
    	"Path": "room97.jpg",
    	"UpdateTime": "2022-04-19 08:14:33.8620673"
	},
	{
		"Id": 26,
    	"RoomId": 9,
    	"Path": "room98.jpg",
    	"UpdateTime": "2022-04-20 08:14:33.8620673"
	},
	{
		"Id": 27,
    	"RoomId": 9,
    	"Path": "room99.jpg",
    	"UpdateTime": "2022-04-21 08:14:33.8620673"
	},
	{
		"Id": 28,
    	"RoomId": 10,
    	"Path": "room27.jpg",
    	"UpdateTime": "2022-04-22 08:14:33.8620673"
	},
	{
		"Id": 29,
    	"RoomId": 10,
    	"Path": "room28.jpg",
    	"UpdateTime": "2022-04-23 08:14:33.8620673"
	},
	{
		"Id": 30,
    	"RoomId": 10,
    	"Path": "room30.jpg",
    	"UpdateTime": "2022-04-23 08:14:33.8620673"
	},
	{
		"Id": 31,
    	"RoomId": 11,
    	"Path": "room51.jpg",
    	"UpdateTime": "2022-04-24 08:14:33.8620673"
	},
	{
		"Id": 32,
    	"RoomId": 11,
    	"Path": "room52.jpg",
    	"UpdateTime": "2022-04-25 08:14:33.8620673"
	},
	{
		"Id": 33,
    	"RoomId": 11,
    	"Path": "room53.jpg",
    	"UpdateTime": "2022-04-25 08:14:33.8620673"
	},
	{
		"Id": 34,
    	"RoomId": 12,
    	"Path": "room72.jpg",
    	"UpdateTime": "2022-04-26 08:14:33.8620673"
	},
	{
		"Id": 35,
    	"RoomId": 12,
    	"Path": "room73.jpg",
    	"UpdateTime": "2022-04-16 08:14:33.8620673"
	},
	{
		"Id": 36,
    	"RoomId": 12,
    	"Path": "room74.jpg",
    	"UpdateTime": "2022-04-17 08:14:33.8620673"
	},
	{
		"Id": 37,
    	"RoomId": 13,
    	"Path": "room28.jpg",
    	"UpdateTime": "2022-04-18 08:14:33.8620673"
	},
	{
		"Id": 38,
    	"RoomId": 13,
    	"Path": "room41.jpg",
    	"UpdateTime": "2022-04-20 08:14:33.8620673"
	},
	{
		"Id": 39,
    	"RoomId": 13,
    	"Path": "room42.jpg",
    	"UpdateTime": "2022-04-15 08:14:33.8620673"
	},
	{
		"Id": 40,
    	"RoomId": 14,
    	"Path": "room87.jpg",
    	"UpdateTime": "2022-04-15 08:14:33.8620673"
	},
	{
		"Id": 41,
    	"RoomId": 14,
    	"Path": "room88.jpg",
    	"UpdateTime": "2022-04-18 08:14:33.8620673"
	},
	{
		"Id": 42,
    	"RoomId": 14,
    	"Path": "room89.jpg",
    	"UpdateTime": "2022-04-20 08:14:33.8620673"
	},
	{
		"Id": 43,
    	"RoomId": 15,
    	"Path": "room27.jpg",
    	"UpdateTime": "2022-04-21 08:14:33.8620673"
	},
	{
		"Id": 44,
    	"RoomId": 15,
    	"Path": "room26.jpg",
    	"UpdateTime": "2022-04-22 08:14:33.8620673"
	},
	{
		"Id": 45,
    	"RoomId": 15,
    	"Path": "room25.jpg",
    	"UpdateTime": "2022-04-18 08:14:33.8620673"
	},
	{
		"Id": 46,
    	"RoomId": 16,
    	"Path": "room82.jpg",
    	"UpdateTime": "2022-04-19 08:14:33.8620673"
	},
	{
		"Id": 47,
    	"RoomId": 16,
    	"Path": "room74.jpg",
    	"UpdateTime": "2022-04-19 08:14:33.8620673"
	},
	{
		"Id": 48,
    	"RoomId": 16,
    	"Path": "room83.jpg",
    	"UpdateTime": "2022-04-20 08:14:33.8620673"
	},
	{
		"Id": 49,
    	"RoomId": 17,
    	"Path": "room14.jpg",
    	"UpdateTime": "2022-04-21 08:14:33.8620673"
	},
	{
		"Id": 50,
    	"RoomId": 17,
    	"Path": "room12.jpg",
    	"UpdateTime": "2022-04-22 08:14:33.8620673"
	},
	{
		"Id": 51,
    	"RoomId": 17,
    	"Path": "room13.jpg",
    	"UpdateTime": "2022-04-22 08:14:33.8620673"
	},
	{
		"Id": 52,
    	"RoomId": 18,
    	"Path": "room7.jpg",
    	"UpdateTime": "2022-04-23 08:14:33.8620673"
	},
	{
		"Id": 53,
    	"RoomId": 18,
    	"Path": "room6.jpg",
    	"UpdateTime": "2022-04-18 08:14:33.8620673"
	},
	{
		"Id": 54,
    	"RoomId": 18,
    	"Path": "room5.jpg",
    	"UpdateTime": "2022-04-19 08:14:33.8620673"
	},
	{
		"Id": 55,
    	"RoomId": 19,
    	"Path": "room17.jpg",
    	"UpdateTime": "2022-04-19 08:14:33.8620673"
	},
	{
		"Id": 56,
    	"RoomId": 19,
    	"Path": "room19.jpg",
    	"UpdateTime": "2022-04-20 08:14:33.8620673"
	},
	{
		"Id": 57,
    	"RoomId": 19,
    	"Path": "room20.jpg",
    	"UpdateTime": "2022-04-21 08:14:33.8620673"
	},
	{
		"Id": 58,
    	"RoomId": 20,
    	"Path": "room51.jpg",
    	"UpdateTime": "2022-04-22 08:14:33.8620673"
	},
	{
		"Id": 59,
    	"RoomId": 20,
    	"Path": "room52.jpg",
    	"UpdateTime": "2022-04-23 08:14:33.8620673"
	},
	{
		"Id": 60,
    	"RoomId": 20,
    	"Path": "room53.jpg",
    	"UpdateTime": "2022-04-23 08:14:33.8620673"
	},
	{
		"Id": 61,
    	"RoomId": 21,
    	"Path": "room6.jpg",
    	"UpdateTime": "2022-04-24 08:14:33.8620673"
	},
	{
		"Id": 62,
    	"RoomId": 21,
    	"Path": "room4.jpg",
    	"UpdateTime": "2022-04-25 08:14:33.8620673"
	},
	{
		"Id": 63,
    	"RoomId": 21,
    	"Path": "room5.jpg",
    	"UpdateTime": "2022-04-25 08:14:33.8620673"
	},
	{
		"Id": 64,
    	"RoomId": 22,
    	"Path": "room2.jpg",
    	"UpdateTime": "2022-04-26 08:14:33.8620673"
	},
	{
		"Id": 65,
    	"RoomId": 22,
    	"Path": "room3.jpg",
    	"UpdateTime": "2022-04-16 08:14:33.8620673"
	},
	{
		"Id": 66,
    	"RoomId": 22,
    	"Path": "room4.jpg",
    	"UpdateTime": "2022-04-17 08:14:33.8620673"
	}

]
