[
	{
		"Id": 1,
    	"Camping_AreaId": 1,
    	"Breakfast": true,
    	"Lunch": false,
    	"Dinner": false,
    	"Public_Refrigerator": false,
    	"Tent_Equipment": false,
    	"Kitchen_Utensils": true,
    	"Canopy": false,
    	"Wifi": true,
    	"Night_Lighting": true,
    	"Power_Supply": true,
    	"Outdoor_Tables_Chairs": false,
    	"Canteen": true,
    	"Mattress": true,
    	"No_Equipment": false,
    	"IsCancel": true
	},
	{
		"Id": 2,
    	"Camping_AreaId": 2,
    	"Breakfast": true,
    	"Lunch": true,
    	"Dinner": false,
    	"Public_Refrigerator": false,
    	"Tent_Equipment": true,
    	"Kitchen_Utensils": false,
    	"Canopy": true,
    	"Wifi": false,
    	"Night_Lighting": false,
    	"Power_Supply": true,
    	"Outdoor_Tables_Chairs": false,
    	"Canteen": false,
    	"Mattress": false,
    	"No_Equipment": true,
    	"IsCancel": false
	},
	{
		"Id": 3,
    	"Camping_AreaId": 3,
    	"Breakfast": false,
    	"Lunch": true,
    	"Dinner": true,
    	"Public_Refrigerator": false,
    	"Tent_Equipment": false,
    	"Kitchen_Utensils": true,
    	"Canopy": false,
    	"Wifi": false,
    	"Night_Lighting": false,
    	"Power_Supply": true,
    	"Outdoor_Tables_Chairs": false,
    	"Canteen": false,
    	"Mattress": false,
    	"No_Equipment": true,
    	"IsCancel": false
	},
	{
		"Id": 4,
    	"Camping_AreaId": 4,
    	"Breakfast": true,
    	"Lunch": false,
    	"Dinner": true,
    	"Public_Refrigerator": true,
    	"Tent_Equipment": false,
    	"Kitchen_Utensils": false,
    	"Canopy": false,
    	"Wifi": true,
    	"Night_Lighting": true,
    	"Power_Supply": false,
    	"Outdoor_Tables_Chairs": false,
    	"Canteen": false,
    	"Mattress": true,
    	"No_Equipment": false,
    	"IsCancel": false
	},
	{
		"Id": 5,
    	"Camping_AreaId": 5,
    	"Breakfast": true,
    	"Lunch": true,
    	"Dinner": true,
    	"Public_Refrigerator": false,
    	"Tent_Equipment": false,
    	"Kitchen_Utensils": true,
    	"Canopy": false,
    	"Wifi": true,
    	"Night_Lighting": false,
    	"Power_Supply": false,
    	"Outdoor_Tables_Chairs": false,
    	"Canteen": false,
    	"Mattress": true,
    	"No_Equipment": false,
    	"IsCancel": true
	},
	{
		"Id": 6,
    	"Camping_AreaId": 6,
    	"Breakfast": true,
    	"Lunch": true,
    	"Dinner": false,
    	"Public_Refrigerator": false,
    	"Tent_Equipment": true,
    	"Kitchen_Utensils": false,
    	"Canopy": true,
    	"Wifi": false,
    	"Night_Lighting": false,
    	"Power_Supply": true,
    	"Outdoor_Tables_Chairs": false,
    	"Canteen": false,
    	"Mattress": false,
    	"No_Equipment": true,
    	"IsCancel": true
	},
	{
		"Id": 7,
    	"Camping_AreaId": 7,
    	"Breakfast": true,
    	"Lunch": false,
    	"Dinner": false,
    	"Public_Refrigerator": false,
    	"Tent_Equipment": false,
    	"Kitchen_Utensils": true,
    	"Canopy": false,
    	"Wifi": true,
    	"Night_Lighting": false,
    	"Power_Supply": true,
    	"Outdoor_Tables_Chairs": false,
    	"Canteen": false,
    	"Mattress": false,
    	"No_Equipment": true,
    	"IsCancel": true
	},
	{
		"Id": 8,
    	"Camping_AreaId": 8,
    	"Breakfast": true,
    	"Lunch": true,
    	"Dinner": true,
    	"Public_Refrigerator": false,
    	"Tent_Equipment": false,
    	"Kitchen_Utensils": true,
    	"Canopy": false,
    	"Wifi": true,
    	"Night_Lighting": false,
    	"Power_Supply": false,
    	"Outdoor_Tables_Chairs": false,
    	"Canteen": false,
    	"Mattress": true,
    	"No_Equipment": false,
    	"IsCancel": false
	},
	{
		"Id": 9,
    	"Camping_AreaId": 9,
    	"Breakfast": true,
    	"Lunch": false,
    	"Dinner": true,
    	"Public_Refrigerator": false,
    	"Tent_Equipment": false,
    	"Kitchen_Utensils": true,
    	"Canopy": false,
    	"Wifi": true,
    	"Night_Lighting": false,
    	"Power_Supply": false,
    	"Outdoor_Tables_Chairs": false,
    	"Canteen": true,
    	"Mattress": false,
    	"No_Equipment": true,
    	"IsCancel": false
	},
	{
		"Id": 10,
    	"Camping_AreaId": 10,
    	"Breakfast": false,
    	"Lunch": false,
    	"Dinner": false,
    	"Public_Refrigerator": true,
    	"Tent_Equipment": false,
    	"Kitchen_Utensils": false,
    	"Canopy": false,
    	"Wifi": true,
    	"Night_Lighting": false,
    	"Power_Supply": true,
    	"Outdoor_Tables_Chairs": true,
    	"Canteen": true,
    	"Mattress": false,
    	"No_Equipment": true,
    	"IsCancel": true
	},
	{
		"Id": 11,
    	"Camping_AreaId": 11,
    	"Breakfast": true,
    	"Lunch": false,
    	"Dinner": true,
    	"Public_Refrigerator": false,
    	"Tent_Equipment": false,
    	"Kitchen_Utensils": true,
    	"Canopy": false,
    	"Wifi": true,
    	"Night_Lighting": false,
    	"Power_Supply": true,
    	"Outdoor_Tables_Chairs": false,
    	"Canteen": false,
    	"Mattress": true,
    	"No_Equipment": false,
    	"IsCancel": false
	},
	{
		"Id": 12,
    	"Camping_AreaId": 12,
    	"Breakfast": true,
    	"Lunch": false,
    	"Dinner": true,
    	"Public_Refrigerator": false,
    	"Tent_Equipment": true,
    	"Kitchen_Utensils": false,
    	"Canopy": false,
    	"Wifi": false,
    	"Night_Lighting": true,
    	"Power_Supply": false,
    	"Outdoor_Tables_Chairs": false,
    	"Canteen": false,
    	"Mattress": true,
    	"No_Equipment": false,
    	"IsCancel": true
	},
	{
		"Id": 13,
    	"Camping_AreaId": 13,
    	"Breakfast": true,
    	"Lunch": false,
    	"Dinner": true,
    	"Public_Refrigerator": false,
    	"Tent_Equipment": true,
    	"Kitchen_Utensils": false,
    	"Canopy": true,
    	"Wifi": false,
    	"Night_Lighting": false,
    	"Power_Supply": true,
    	"Outdoor_Tables_Chairs": false,
    	"Canteen": false,
    	"Mattress": true,
    	"No_Equipment": false,
    	"IsCancel": false
	},
	{
		"Id": 14,
    	"Camping_AreaId": 14,
    	"Breakfast": true,
    	"Lunch": false,
    	"Dinner": true,
    	"Public_Refrigerator": false,
    	"Tent_Equipment": false,
    	"Kitchen_Utensils": false,
    	"Canopy": false,
    	"Wifi": true,
    	"Night_Lighting": false,
    	"Power_Supply": true,
    	"Outdoor_Tables_Chairs": false,
    	"Canteen": false,
    	"Mattress": true,
    	"No_Equipment": false,
    	"IsCancel": false
	},
	{
		"Id": 15,
    	"Camping_AreaId": 15,
    	"Breakfast": false,
    	"Lunch": false,
    	"Dinner": true,
    	"Public_Refrigerator": true,
    	"Tent_Equipment": false,
    	"Kitchen_Utensils": true,
    	"Canopy": false,
    	"Wifi": false,
    	"Night_Lighting": true,
    	"Power_Supply": false,
    	"Outdoor_Tables_Chairs": false,
    	"Canteen": false,
    	"Mattress": false,
    	"No_Equipment": true,
    	"IsCancel": false
	},
	{
		"Id": 16,
    	"Camping_AreaId": 16,
    	"Breakfast": false,
    	"Lunch": true,
    	"Dinner": false,
    	"Public_Refrigerator": true,
    	"Tent_Equipment": false,
    	"Kitchen_Utensils": false,
    	"Canopy": false,
    	"Wifi": true,
    	"Night_Lighting": false,
    	"Power_Supply": true,
    	"Outdoor_Tables_Chairs": true,
    	"Canteen": false,
    	"Mattress": false,
    	"No_Equipment": true,
    	"IsCancel": true
	},
	{
		"Id": 17,
    	"Camping_AreaId": 17,
    	"Breakfast": false,
    	"Lunch": true,
    	"Dinner": false,
    	"Public_Refrigerator": false,
    	"Tent_Equipment": false,
    	"Kitchen_Utensils": false,
    	"Canopy": false,
    	"Wifi": false,
    	"Night_Lighting": true,
    	"Power_Supply": false,
    	"Outdoor_Tables_Chairs": true,
    	"Canteen": true,
    	"Mattress": false,
    	"No_Equipment": true,
    	"IsCancel": false
	},
	{
		"Id": 18,
    	"Camping_AreaId": 18,
    	"Breakfast": true,
    	"Lunch": true,
    	"Dinner": true,
    	"Public_Refrigerator": false,
    	"Tent_Equipment": false,
    	"Kitchen_Utensils": true,
    	"Canopy": false,
    	"Wifi": false,
    	"Night_Lighting": false,
    	"Power_Supply": true,
    	"Outdoor_Tables_Chairs": false,
    	"Canteen": false,
    	"Mattress": true,
    	"No_Equipment": false,
    	"IsCancel": false
	},
	{
		"Id": 19,
    	"Camping_AreaId": 19,
    	"Breakfast": true,
    	"Lunch": false,
    	"Dinner": true,
    	"Public_Refrigerator": true,
    	"Tent_Equipment": false,
    	"Kitchen_Utensils": false,
    	"Canopy": false,
    	"Wifi": true,
    	"Night_Lighting": false,
    	"Power_Supply": true,
    	"Outdoor_Tables_Chairs": false,
    	"Canteen": false,
    	"Mattress": true,
    	"No_Equipment": true,
    	"IsCancel": false
	},
	{
		"Id": 20,
    	"Camping_AreaId": 20,
    	"Breakfast": true,
    	"Lunch": true,
    	"Dinner": true,
    	"Public_Refrigerator": true,
    	"Tent_Equipment": false,
    	"Kitchen_Utensils": false,
    	"Canopy": false,
    	"Wifi": true,
    	"Night_Lighting": false,
    	"Power_Supply": true,
    	"Outdoor_Tables_Chairs": false,
    	"Canteen": false,
    	"Mattress": false,
    	"No_Equipment": false,
    	"IsCancel": false
	}
]
